CONNECT lastweek;

INSERT INTO PROVINCE(ID,NAME,COORDS) VALUES (1,'A Coruña','46,5, 32,12, 36,19, 16,21, 2,31, 3,35, 6,36, 8,41, 14,41, 10,50, 39,40, 41,38, 44,21, 50,5');
INSERT INTO PROVINCE(ID,NAME,COORDS) VALUES (2,'Álava','187,33, 186,42, 191,49, 204,59, 209,54, 214,43, 203,39');
INSERT INTO PROVINCE(ID,NAME,COORDS) VALUES (3,'Albacete','200,189, 196,204, 204,215, 200,220, 209,223, 212,241, 215,242, 219,231, 232,228, 239,230, 241,220, 244,215, 253,214, 257,215, 257,205, 246,199, 246,190, 237,187, 210,193');
INSERT INTO PROVINCE(ID,NAME,COORDS) VALUES (4,'Alicante','259,211, 254,225, 261,247, 265,248, 268,234, 278,221, 293,213, 293,205, 273,209');
INSERT INTO PROVINCE(ID,NAME,COORDS) VALUES (5,'Almería','217,247, 210,267, 202,278, 197,279, 190,294, 205,298, 205,292, 214,291, 220,294, 228,284, 233,266');
INSERT INTO PROVINCE(ID,NAME,COORDS) VALUES (6,'Asturias','73,13, 68,20, 77,39, 88,37, 92,34, 102,34, 106,37, 128,33, 133,28, 144,24, 144,22, 124,18, 110,14, 107,10, 104,14');
INSERT INTO PROVINCE(ID,NAME,COORDS) VALUES (7,'Ávila','126,115, 125,127, 114,140, 109,142, 107,145, 113,151, 119,149, 118,157, 137,150, 148,144, 151,135, 144,133, 136,114');
INSERT INTO PROVINCE(ID,NAME,COORDS) VALUES (8,'Badajoz','57,188, 65,200, 53,216, 56,229, 67,235, 91,243, 107,234, 108,224, 125,213, 136,192, 136,186, 103,196, 86,197, 73,193, 65,183');
INSERT INTO PROVINCE(ID,NAME,COORDS) VALUES (9,'Barcelona','336,64, 332,85, 328,91, 336,107, 352,102, 354,95, 369,87, 355,81, 359,72, 343,71, 343,64"');
INSERT INTO PROVINCE(ID,NAME,COORDS) VALUES (10,'Burgos','179,32, 169,33, 162,38, 168,47, 157,47, 153,51, 155,72, 163,77, 158,88, 161,96, 169,98, 184,83, 188,85, 193,77, 186,68, 187,53, 191,50, 182,41, 186,33');
INSERT INTO PROVINCE(ID,NAME,COORDS) VALUES (11,'Cáceres','70,149, 66,150, 70,159, 65,173, 50,174, 57,186, 65,181, 73,185, 75,192, 89,196, 104,195, 120,189, 136,184, 133,182, 123,180, 119,170, 116,152, 106,148, 97,148, 92,141, 85,142, 79,148');
INSERT INTO PROVINCE(ID,NAME,COORDS) VALUES (12,'Cádiz','81,291, 90,314, 108,324, 118,311, 106,300, 122,286');
INSERT INTO PROVINCE(ID,NAME,COORDS) VALUES (13,'Cantabria','146,22, 138,30, 139,33, 144,36, 150,36, 163,46, 166,46, 160,38, 165,33, 177,29, 183,23, 172,17');
INSERT INTO PROVINCE(ID,NAME,COORDS) VALUES (14,'Castellón','260,164, 277,145, 277,132, 283,129, 295,133, 301,137, 291,154, 280,171, 267,169');
INSERT INTO PROVINCE(ID,NAME,COORDS) VALUES (15,'Ceuta','104,330, 106,340, 117,339, 107,329');
INSERT INTO PROVINCE(ID,NAME,COORDS) VALUES (16,'Ciudad Real','138,184, 136,196, 128,213, 153,229, 200,222, 195,202, 198,189, 183,184, 164,192, 156,186');
INSERT INTO PROVINCE(ID,NAME,COORDS) VALUES (17,'Córdoba','111,225, 110,238, 119,252, 116,258, 130,255, 141,275, 153,271, 158,266, 149,243, 153,230, 127,214');
INSERT INTO PROVINCE(ID,NAME,COORDS) VALUES (18,'Cuenca','187,161, 200,148, 200,145, 217,136, 226,141, 248,162, 242,176, 237,186, 224,188, 211,191, 196,185');
INSERT INTO PROVINCE(ID,NAME,COORDS) VALUES (19,'Gerona','338,60, 346,64, 346,69, 361,71, 359,82, 370,86, 379,79, 381,68, 378,62, 383,61, 377,55, 368,55, 361,61, 351,58, 337,57');
INSERT INTO PROVINCE(ID,NAME,COORDS) VALUES (20,'Granada','160,268, 148,275, 153,285, 170,296, 187,294, 195,276, 202,275, 213,259, 214,245, 210,241, 192,262');
INSERT INTO PROVINCE(ID,NAME,COORDS) VALUES (21,'Guadalajara','179,114, 187,109, 201,111, 213,120, 223,116, 234,122, 235,138, 229,142, 217,133, 198,144, 195,153, 190,153, 188,143, 179,131');
INSERT INTO PROVINCE(ID,NAME,COORDS) VALUES (22,'Guipúzcoa','11,26, 205,39, 216,42, 222,32, 229,25, 228,22');
INSERT INTO PROVINCE(ID,NAME,COORDS) VALUES (23,'Huelva','62,234, 61,242, 56,242, 44,257, 49,275, 59,273, 73,281, 81,289, 83,262, 77,255, 89,245"');
INSERT INTO PROVINCE(ID,NAME,COORDS) VALUES (24,'Huesca','259,41, 256,55, 264,80, 282,99, 286,104, 296,100, 296,87, 306,63, 303,50, 280,49, 270,46');
INSERT INTO PROVINCE(ID,NAME,COORDS) VALUES (25,'Islas Baleares','314,192, 377,144, 408,140, 414,152, 322,209');
INSERT INTO PROVINCE(ID,NAME,COORDS) VALUES (26,'Jaén','201,223, 210,236, 192,260, 165,266, 160,267, 150,244, 155,231');
INSERT INTO PROVINCE(ID,NAME,COORDS) VALUES (27,'León','76,42, 71,48, 70,56, 77,58, 77,66, 93,69, 119,78, 119,68, 130,64, 132,60, 132,42, 138,34, 134,30, 127,34, 106,38, 99,35, 92,36, 88,39');
INSERT INTO PROVINCE(ID,NAME,COORDS) VALUES (28,'Lérida','304,43, 307,66, 299,84, 297,105, 311,102, 321,92, 327,92, 333,78, 334,62, 336,57, 328,58, 322,48, 309,43');
INSERT INTO PROVINCE(ID,NAME,COORDS) VALUES (29,'Lugo','53,5, 47,18, 44,30, 43,44, 44,54, 55,60, 65,59, 71,45, 75,39, 73,35, 67,20, 70,13, 64,13');
INSERT INTO PROVINCE(ID,NAME,COORDS) VALUES (30,'Madrid','144,151, 154,133, 164,123, 176,115, 178,120, 178,131, 186,144, 186,153, 189,159, 172,160, 170,155, 148,149');
INSERT INTO PROVINCE(ID,NAME,COORDS) VALUES (31,'Málaga','138,276, 117,291, 110,301, 120,310, 130,303, 145,296, 165,295, 151,284, 147,276');
INSERT INTO PROVINCE(ID,NAME,COORDS) VALUES (32,'Melilla','197,347, 205,351, 213,347, 204,343');
INSERT INTO PROVINCE(ID,NAME,COORDS) VALUES (33,'Murcia','214,244, 223,250, 236,269, 264,259, 252,225, 255,215, 245,217, 240,231, 228,229');
INSERT INTO PROVINCE(ID,NAME,COORDS) VALUES (34,'Navarra','240,30, 229,26, 209,57, 230,70, 227,78, 240,81, 242,76, 239,71, 248,50, 256,48, 256,41, 236,36');
INSERT INTO PROVINCE(ID,NAME,COORDS) VALUES (35,'Ourense','35,68, 32,82, 37,83, 44,80, 54,81, 58,83, 63,77, 69,77, 69,69, 74,63, 74,59, 67,58, 61,61, 52,61, 42,54, 34,54, 31,55');
INSERT INTO PROVINCE(ID,NAME,COORDS) VALUES (36,'Palencia','138,37, 134,44, 134,65, 130,67, 134,81, 140,85, 155,86, 159,80, 153,70, 151,49, 156,45, 148,38');
INSERT INTO PROVINCE(ID,NAME,COORDS) VALUES (37,'Las Palmas','323,340, 334,351, 396,327, 414,284, 408,281, 321,335');
INSERT INTO PROVINCE(ID,NAME,COORDS) VALUES (38,'Pontevedra','17,49, 15,57, 19,59, 18,63, 22,63, 13,70, 13,76, 24,71, 30,71, 33,66, 29,55, 35,52, 43,52, 43,45, 39,41');
INSERT INTO PROVINCE(ID,NAME,COORDS) VALUES (39,'La Rioja','189,54, 189,68, 195,78, 206,77, 209,73, 218,75, 221,81, 225,82, 226,68, 209,59, 200,59, 193,52');
INSERT INTO PROVINCE(ID,NAME,COORDS) VALUES (40,'Salamanca','87,109, 78,110, 73,123, 72,147, 79,147, 87,140, 93,140, 101,146, 106,146, 119,130, 126,119, 124,112');
INSERT INTO PROVINCE(ID,NAME,COORDS) VALUES (41,'Segovia','137,115, 147,104, 162,99, 169,100, 174,97, 184,109, 163,121, 157,131, 148,134');
INSERT INTO PROVINCE(ID,NAME,COORDS) VALUES (42,'Sevilla','109,238, 117,252, 113,260, 129,257, 138,274, 119,284, 94,289, 82,287, 85,261, 80,255, 90,244');
INSERT INTO PROVINCE(ID,NAME,COORDS) VALUES (43,'Soria','175,97, 195,77, 207,80, 211,75, 217,77, 221,82, 226,82, 227,92, 216,110, 219,116, 211,117, 203,109, 191,107, 185,107');
INSERT INTO PROVINCE(ID,NAME,COORDS) VALUES (44,'Tarragona','301,106, 313,103, 324,92, 335,108, 318,114, 308,125, 309,130, 300,134, 292,128, 298,106');
INSERT INTO PROVINCE(ID,NAME,COORDS) VALUES (45,'Sta. Cruz de Tenerife','243,297, 243,346, 306,332, 320,307, 245,294');
INSERT INTO PROVINCE(ID,NAME,COORDS) VALUES (46,'Teruel','237,124, 250,114, 258,116, 267,109, 268,106, 288,117, 293,116, 292,128, 282,128, 277,129, 274,133, 275,145, 259,162, 244,158, 231,144, 238,137');
INSERT INTO PROVINCE(ID,NAME,COORDS) VALUES (47,'Toledo','118,158, 142,151, 149,151, 171,157, 164,167, 184,160, 194,184, 182,183, 168,188, 157,185, 159,177, 137,181, 125,178');
INSERT INTO PROVINCE(ID,NAME,COORDS) VALUES (48,'Valencia','251,162, 240,185, 250,189, 248,200, 259,206, 261,211, 270,209, 286,205, 276,186, 278,171');
INSERT INTO PROVINCE(ID,NAME,COORDS) VALUES (49,'Valladolid','121,70, 120,112, 136,112, 146,102, 159,97, 156,87, 138,87, 132,81, 128,67');
INSERT INTO PROVINCE(ID,NAME,COORDS) VALUES (50,'Vizcaya','180,30, 185,23, 192,23, 193,19, 203,22, 210,26, 204,37, 194,36, 191,31');
INSERT INTO PROVINCE(ID,NAME,COORDS) VALUES (51,'Zamora','75,66, 70,78, 84,79, 84,90, 94,92, 87,108, 119,111, 119,78');
INSERT INTO PROVINCE(ID,NAME,COORDS) VALUES (52,'Zaragoza','255,50, 245,59, 242,83, 229,81, 228,93, 218,109, 236,121, 250,111, 258,114, 264,110, 266,103, 288,115, 294,110, 295,103, 284,104, 263,80, 257,76, 258,67');

INSERT INTO CATEGORY(ID,NAME) VALUES (1,'Compra');
INSERT INTO CATEGORY(ID,NAME) VALUES (2,'Venta');
INSERT INTO CATEGORY(ID,NAME) VALUES (3,'Alquiler');
INSERT INTO CATEGORY(ID,NAME) VALUES (4,'Compartir');

INSERT INTO SUBCATEGORY(ID,NAME) VALUES(1,'Pisos');
INSERT INTO SUBCATEGORY(ID,NAME) VALUES(2,'Casas');
INSERT INTO SUBCATEGORY(ID,NAME) VALUES(3,'Plazas de garaje');
INSERT INTO SUBCATEGORY(ID,NAME) VALUES(4,'Locales');
INSERT INTO SUBCATEGORY(ID,NAME) VALUES(5,'Oficinas');
INSERT INTO SUBCATEGORY(ID,NAME) VALUES(6,'Terrenos');

INSERT INTO CATEGORY_SUBCATEGORY(CATEGORY_ID, SUBCATEGORY_ID) VALUES(1,1);
INSERT INTO CATEGORY_SUBCATEGORY(CATEGORY_ID, SUBCATEGORY_ID) VALUES(1,2);
INSERT INTO CATEGORY_SUBCATEGORY(CATEGORY_ID, SUBCATEGORY_ID) VALUES(1,3);
INSERT INTO CATEGORY_SUBCATEGORY(CATEGORY_ID, SUBCATEGORY_ID) VALUES(1,4);
INSERT INTO CATEGORY_SUBCATEGORY(CATEGORY_ID, SUBCATEGORY_ID) VALUES(1,5);
INSERT INTO CATEGORY_SUBCATEGORY(CATEGORY_ID, SUBCATEGORY_ID) VALUES(1,6);
INSERT INTO CATEGORY_SUBCATEGORY(CATEGORY_ID, SUBCATEGORY_ID) VALUES(2,1);
INSERT INTO CATEGORY_SUBCATEGORY(CATEGORY_ID, SUBCATEGORY_ID) VALUES(2,2);
INSERT INTO CATEGORY_SUBCATEGORY(CATEGORY_ID, SUBCATEGORY_ID) VALUES(2,3);
INSERT INTO CATEGORY_SUBCATEGORY(CATEGORY_ID, SUBCATEGORY_ID) VALUES(2,4);
INSERT INTO CATEGORY_SUBCATEGORY(CATEGORY_ID, SUBCATEGORY_ID) VALUES(2,5);
INSERT INTO CATEGORY_SUBCATEGORY(CATEGORY_ID, SUBCATEGORY_ID) VALUES(2,6);
INSERT INTO CATEGORY_SUBCATEGORY(CATEGORY_ID, SUBCATEGORY_ID) VALUES(3,1);
INSERT INTO CATEGORY_SUBCATEGORY(CATEGORY_ID, SUBCATEGORY_ID) VALUES(3,2);
INSERT INTO CATEGORY_SUBCATEGORY(CATEGORY_ID, SUBCATEGORY_ID) VALUES(3,3);
INSERT INTO CATEGORY_SUBCATEGORY(CATEGORY_ID, SUBCATEGORY_ID) VALUES(3,4);
INSERT INTO CATEGORY_SUBCATEGORY(CATEGORY_ID, SUBCATEGORY_ID) VALUES(3,5);
INSERT INTO CATEGORY_SUBCATEGORY(CATEGORY_ID, SUBCATEGORY_ID) VALUES(3,6);
INSERT INTO CATEGORY_SUBCATEGORY(CATEGORY_ID, SUBCATEGORY_ID) VALUES(4,1);
INSERT INTO CATEGORY_SUBCATEGORY(CATEGORY_ID, SUBCATEGORY_ID) VALUES(4,2);
INSERT INTO CATEGORY_SUBCATEGORY(CATEGORY_ID, SUBCATEGORY_ID) VALUES(4,3);
INSERT INTO CATEGORY_SUBCATEGORY(CATEGORY_ID, SUBCATEGORY_ID) VALUES(4,4);
INSERT INTO CATEGORY_SUBCATEGORY(CATEGORY_ID, SUBCATEGORY_ID) VALUES(4,5);
INSERT INTO CATEGORY_SUBCATEGORY(CATEGORY_ID, SUBCATEGORY_ID) VALUES(4,6);