CONNECT lastweek;

INSERT INTO PROVINCE(ID,NAME) VALUES (1,'A Coruña');
INSERT INTO PROVINCE(ID,NAME) VALUES (2,'Álava');
INSERT INTO PROVINCE(ID,NAME) VALUES (3,'Albacete');
INSERT INTO PROVINCE(ID,NAME) VALUES (4,'Alicante');
INSERT INTO PROVINCE(ID,NAME) VALUES (5,'Almería');
INSERT INTO PROVINCE(ID,NAME) VALUES (6,'Asturias');
INSERT INTO PROVINCE(ID,NAME) VALUES (7,'Ávila');
INSERT INTO PROVINCE(ID,NAME) VALUES (8,'Badajoz');
INSERT INTO PROVINCE(ID,NAME) VALUES (9,'Barcelona');
INSERT INTO PROVINCE(ID,NAME) VALUES (10,'Burgos');
INSERT INTO PROVINCE(ID,NAME) VALUES (11,'Cáceres');
INSERT INTO PROVINCE(ID,NAME) VALUES (12,'Cádiz');
INSERT INTO PROVINCE(ID,NAME) VALUES (13,'Cantabria');
INSERT INTO PROVINCE(ID,NAME) VALUES (14,'Castellón');
INSERT INTO PROVINCE(ID,NAME) VALUES (15,'Ceuta');
INSERT INTO PROVINCE(ID,NAME) VALUES (16,'Ciudad Real');
INSERT INTO PROVINCE(ID,NAME) VALUES (17,'Córdoba');
INSERT INTO PROVINCE(ID,NAME) VALUES (18,'Cuenca');
INSERT INTO PROVINCE(ID,NAME) VALUES (19,'Gerona');
INSERT INTO PROVINCE(ID,NAME) VALUES (20,'Granada');
INSERT INTO PROVINCE(ID,NAME) VALUES (21,'Guadalajara');
INSERT INTO PROVINCE(ID,NAME) VALUES (22,'Guipúzcoa');
INSERT INTO PROVINCE(ID,NAME) VALUES (23,'Huelva');
INSERT INTO PROVINCE(ID,NAME) VALUES (24,'Huesca');
INSERT INTO PROVINCE(ID,NAME) VALUES (25,'Islas Baleares');
INSERT INTO PROVINCE(ID,NAME) VALUES (26,'Jaén');
INSERT INTO PROVINCE(ID,NAME) VALUES (27,'León');
INSERT INTO PROVINCE(ID,NAME) VALUES (28,'Lleida');
INSERT INTO PROVINCE(ID,NAME) VALUES (29,'Lugo');
INSERT INTO PROVINCE(ID,NAME) VALUES (30,'Madrid');
INSERT INTO PROVINCE(ID,NAME) VALUES (31,'Málaga');
INSERT INTO PROVINCE(ID,NAME) VALUES (32,'Melilla');
INSERT INTO PROVINCE(ID,NAME) VALUES (33,'Murcia');
INSERT INTO PROVINCE(ID,NAME) VALUES (34,'Navarra');
INSERT INTO PROVINCE(ID,NAME) VALUES (35,'Ourense');
INSERT INTO PROVINCE(ID,NAME) VALUES (36,'Palencia');
INSERT INTO PROVINCE(ID,NAME) VALUES (37,'Las Palmas');
INSERT INTO PROVINCE(ID,NAME) VALUES (38,'Pontevedra');
INSERT INTO PROVINCE(ID,NAME) VALUES (39,'La Rioja');
INSERT INTO PROVINCE(ID,NAME) VALUES (40,'Salamanca');
INSERT INTO PROVINCE(ID,NAME) VALUES (41,'Segovia');
INSERT INTO PROVINCE(ID,NAME) VALUES (42,'Sevilla');
INSERT INTO PROVINCE(ID,NAME) VALUES (43,'Soria');
INSERT INTO PROVINCE(ID,NAME) VALUES (44,'Tarragona');
INSERT INTO PROVINCE(ID,NAME) VALUES (45,'Santa Cruz de Tenerife');
INSERT INTO PROVINCE(ID,NAME) VALUES (46,'Teruel');
INSERT INTO PROVINCE(ID,NAME) VALUES (47,'Toledo');
INSERT INTO PROVINCE(ID,NAME) VALUES (48,'Valencia');
INSERT INTO PROVINCE(ID,NAME) VALUES (49,'Valladolid');
INSERT INTO PROVINCE(ID,NAME) VALUES (50,'Vizcaya');
INSERT INTO PROVINCE(ID,NAME) VALUES (51,'Zamora');
INSERT INTO PROVINCE(ID,NAME) VALUES (52,'Zaragoza');

INSERT INTO CATEGORY(ID,NAME) VALUES (1,'Compra');
INSERT INTO CATEGORY(ID,NAME) VALUES (2,'Venta');
INSERT INTO CATEGORY(ID,NAME) VALUES (3,'Alquiler');
INSERT INTO CATEGORY(ID,NAME) VALUES (4,'Compartir');

INSERT INTO SUBCATEGORY(ID,NAME) VALUES(1,'Pisos');
INSERT INTO SUBCATEGORY(ID,NAME) VALUES(2,'Casas');
INSERT INTO SUBCATEGORY(ID,NAME) VALUES(3,'Plazas de garaje');
INSERT INTO SUBCATEGORY(ID,NAME) VALUES(4,'Locales');
INSERT INTO SUBCATEGORY(ID,NAME) VALUES(5,'Oficinas');
INSERT INTO SUBCATEGORY(ID,NAME) VALUES(6,'Terrenos');

INSERT INTO CATEGORY_SUBCATEGORY(CATEGORY_ID, SUBCATEGORY_ID) VALUES(1,1);
INSERT INTO CATEGORY_SUBCATEGORY(CATEGORY_ID, SUBCATEGORY_ID) VALUES(1,2);
INSERT INTO CATEGORY_SUBCATEGORY(CATEGORY_ID, SUBCATEGORY_ID) VALUES(1,3);
INSERT INTO CATEGORY_SUBCATEGORY(CATEGORY_ID, SUBCATEGORY_ID) VALUES(1,4);
INSERT INTO CATEGORY_SUBCATEGORY(CATEGORY_ID, SUBCATEGORY_ID) VALUES(1,5);
INSERT INTO CATEGORY_SUBCATEGORY(CATEGORY_ID, SUBCATEGORY_ID) VALUES(1,6);
INSERT INTO CATEGORY_SUBCATEGORY(CATEGORY_ID, SUBCATEGORY_ID) VALUES(2,1);
INSERT INTO CATEGORY_SUBCATEGORY(CATEGORY_ID, SUBCATEGORY_ID) VALUES(2,2);
INSERT INTO CATEGORY_SUBCATEGORY(CATEGORY_ID, SUBCATEGORY_ID) VALUES(2,3);
INSERT INTO CATEGORY_SUBCATEGORY(CATEGORY_ID, SUBCATEGORY_ID) VALUES(2,4);
INSERT INTO CATEGORY_SUBCATEGORY(CATEGORY_ID, SUBCATEGORY_ID) VALUES(2,5);
INSERT INTO CATEGORY_SUBCATEGORY(CATEGORY_ID, SUBCATEGORY_ID) VALUES(2,6);
INSERT INTO CATEGORY_SUBCATEGORY(CATEGORY_ID, SUBCATEGORY_ID) VALUES(3,1);
INSERT INTO CATEGORY_SUBCATEGORY(CATEGORY_ID, SUBCATEGORY_ID) VALUES(3,2);
INSERT INTO CATEGORY_SUBCATEGORY(CATEGORY_ID, SUBCATEGORY_ID) VALUES(3,3);
INSERT INTO CATEGORY_SUBCATEGORY(CATEGORY_ID, SUBCATEGORY_ID) VALUES(3,4);
INSERT INTO CATEGORY_SUBCATEGORY(CATEGORY_ID, SUBCATEGORY_ID) VALUES(3,5);
INSERT INTO CATEGORY_SUBCATEGORY(CATEGORY_ID, SUBCATEGORY_ID) VALUES(3,6);
INSERT INTO CATEGORY_SUBCATEGORY(CATEGORY_ID, SUBCATEGORY_ID) VALUES(4,1);
INSERT INTO CATEGORY_SUBCATEGORY(CATEGORY_ID, SUBCATEGORY_ID) VALUES(4,2);
INSERT INTO CATEGORY_SUBCATEGORY(CATEGORY_ID, SUBCATEGORY_ID) VALUES(4,3);
INSERT INTO CATEGORY_SUBCATEGORY(CATEGORY_ID, SUBCATEGORY_ID) VALUES(4,4);
INSERT INTO CATEGORY_SUBCATEGORY(CATEGORY_ID, SUBCATEGORY_ID) VALUES(4,5);
INSERT INTO CATEGORY_SUBCATEGORY(CATEGORY_ID, SUBCATEGORY_ID) VALUES(4,6);